Date,K1,K13,K14,K18,K19,K27,K31,K32,K35,K36,K38,K39,K40,K41,K43,K44,K45,K47,K48,K49,K50,K51,K53,K54,K55,K56,K58,K7,K9
2010-10,1859.384888,1852.686768,1949.749023,1525.905273,1552.882935,1488.586792,1481.738037,1513.810791,1487.273193,1492.608521,1527.900635,1534.278076,1649.845825,1646.650269,1569.993164,1567.295898,1526.828247,1503.299683,1506.571045,1508.631226,1504.351318,1493.394531,1511.55188,1927.779297,1887.519287,1882.150879,1855.38147,1536.527466,1951.816895
2010-11,1855.349609,1850.45105,1942.431396,1524.30481,1549.178345,1488.203369,1480.367432,1517.062256,1487.276978,1495.203125,1525.786499,1532.518188,1647.568115,1648.075195,1572.335327,1569.045166,1527.222656,1504.10144,1506.445313,1510.024048,1502.833862,1492.339722,1511.307251,1921.931274,1888.965088,1885.092407,1855.21106,1534.494751,1951.574829
2010-12,1853.193481,1849.474121,1938.370361,1523.635376,1546.321533,1487.705933,1480.106934,1516.998535,1487.11084,1496.954712,1524.673828,1531.055908,1647.38501,1649.222412,1575.116455,1571.753784,1526.894043,1504.917969,1506.537231,1510.857422,1502.333374,1492.177979,1511.32019,1917.663452,1889.973145,1886.626465,1855.779053,1532.577271,1951.544067
2011-01,1851.64209,1848.741089,1935.727783,1523.199829,1544.360718,1487.241211,1480.444214,1515.675537,1486.866577,1497.788696,1523.81958,1529.786987,1647.825073,1650.004883,1577.259033,1573.991821,1526.210327,1505.443848,1506.668701,1511.288208,1502.001465,1492.117554,1511.211548,1914.862549,1890.571777,1887.55835,1856.656372,1530.917603,1951.056396
2011-03,1850.428589,1848.093018,1933.520142,1522.786133,1542.972778,1486.719604,1480.958496,1513.954224,1486.538208,1497.95166,1523.068237,1528.613525,1648.348267,1650.677002,1578.826538,1575.696655,1525.278809,1505.639038,1506.7146,1511.394165,1501.711426,1492.074829,1510.877319,1912.84021,1890.825562,1888.05542,1857.5448,1529.475098,1949.738403
2011-04,1848.468506,1846.40271,1931.507324,1522.361084,1541.854492,1486.06665,1481.343506,1511.078735,1486.142456,1497.289063,1521.75415,1527.425171,1648.55896,1649.61792,1578.398682,1575.40332,1523.848999,1505.300659,1506.220337,1510.877808,1500.685425,1491.210327,1510.126953,1911.126953,1890.637573,1888.041138,1857.713257,1528.078857,1947.838501
2011-05,1849.208496,1847.573486,1929.559082,1521.906006,1540.911499,1485.598755,1481.715088,1510.335938,1485.720825,1497.259521,1521.805908,1526.490967,1649.225098,1653.160034,1581.600342,1578.714355,1522.375977,1505.091553,1506.379028,1510.78064,1501.612183,1492.488403,1509.41272,1909.957275,1890.894165,1888.484741,1859.491943,1526.873657,1945.59436
2011-06,1846.254028,1844.635376,1927.693237,1521.434937,1540.158447,1484.862793,1481.833496,1506.610229,1485.256714,1495.84729,1520.070801,1525.348755,1649.044556,1649.8125,1578.773682,1575.978638,1520.686768,1504.176392,1505.457642,1509.671509,1499.679932,1490.606445,1508.250732,1908.463623,1890.204956,1887.871338,1858.787476,1525.627686,1943.21228
2011-07,1846.941406,1845.578003,1925.94873,1520.940552,1539.328857,1484.155273,1481.966797,1506.294312,1484.762817,1495.561279,1519.971924,1524.463989,1649.391479,1653.011963,1581.159668,1578.423706,1518.943115,1503.50061,1505.26416,1509.162842,1500.429565,1491.678711,1507.03772,1906.973755,1889.347778,1887.149292,1859.228638,1524.587769,1940.775513
2011-08,1847.270508,1846.541748,1924.122803,1520.441406,1538.513062,1482.733521,1481.897217,1504.749512,1484.248169,1495.145142,1520.135864,1522.873657,1650.177734,1656.703857,1584.405884,1580.227539,1515.442017,1501.965332,1504.892822,1507.998657,1500.851685,1492.84436,1504.552124,1904.284912,1888.463623,1886.393188,1859.809204,1523.611084,1938.338623
2011-10,1844.401245,1843.859131,1920.777222,1519.407715,1537.209595,1481.502563,1481.818726,1499.026245,1483.200317,1494.146362,1520.21582,1522.12207,1650.469238,1657.896973,1585.598633,1579.837524,1514.022339,1500.270386,1503.354004,1506.04187,1499.224609,1493.138062,1503.671509,1902.459106,1887.352539,1885.332397,1861.278809,1522.120483,1933.649536
2011-11,1842.564941,1841.91626,1919.475342,1518.598999,1536.402832,1481.374512,1481.614136,1497.254883,1482.490845,1491.592041,1517.83374,1520.520264,1649.699219,1652.574219,1580.36731,1577.704712,1512.171753,1499.423218,1502.10022,1504.841797,1497.861084,1489.855103,1502.011841,1902.895508,1887.986694,1886.157593,1861.690308,1520.900269,1930.466553
2011-12,1841.599243,1840.967163,1918.943604,1518.230225,1536.034546,1480.973145,1481.469116,1496.408447,1482.170654,1490.851807,1517.322388,1519.880127,1649.346191,1652.26001,1579.449219,1576.751343,1511.323364,1498.687866,1501.11438,1503.886353,1497.14978,1489.267822,1501.273193,1903.045532,1888.547607,1886.748413,1862.539429,1520.442139,1929.303589
2012-01,1840.579102,1840.014771,1917.98938,1517.836182,1535.605713,1480.468384,1481.191895,1495.47522,1481.779053,1490.135864,1516.898071,1519.261597,1648.901978,1651.735107,1578.46875,1575.712524,1510.359985,1497.943726,1500.249634,1502.99939,1496.422974,1488.646729,1500.493164,1902.799438,1888.721802,1886.952393,1863.075684,1520.004028,1928.060059
2012-03,1837.462891,1836.911377,1916.55835,1517.407715,1535.106812,1479.19519,1480.234253,1492.339844,1480.817017,1488.185547,1515.412231,1518.63562,1647.497559,1651.051514,1577.435181,1574.604248,1509.293701,1497.146606,1499.411377,1500.871216,1494.207397,1487.984375,1498.559814,1902.091187,1888.4552,1886.712524,1862.444092,1518.975342,1926.632813
2012-04,1838.080322,1837.730957,1913.841187,1516.58374,1533.904541,1478.763794,1479.757324,1492.442749,1480.354736,1487.897095,1515.679443,1517.541504,1647.220337,1651.004395,1576.506592,1573.507568,1506.534058,1495.383667,1497.764893,1500.251099,1494.755859,1487.272217,1497.658813,1900.509888,1887.773682,1886.12085,1863.366699,1518.457642,1923.769531
2012-05,1834.967285,1834.503052,1912.618408,1516.182251,1533.359985,1478.102783,1479.158691,1489.415405,1479.895874,1486.403198,1514.139038,1516.900024,1646.231689,1646.553955,1572.449829,1569.371582,1505.055786,1494.144653,1496.4104,1498.802124,1492.500732,1484.920654,1496.437622,1899.41394,1886.840698,1885.176147,1861.896606,1517.799438,1922.36853
2012-06,1835.592651,1835.291748,1911.88147,1515.806885,1532.709351,1477.598877,1478.768188,1489.92395,1479.498291,1486.184937,1514.228149,1516.53418,1645.946899,1648.866943,1573.95752,1570.798828,1503.619629,1493.308716,1495.903931,1498.098877,1493.026978,1485.631958,1495.293335,1898.514282,1886.035034,1884.442139,1861.913086,1517.293579,1921.152832
2012-07,1835.801636,1835.766235,1910.697144,1515.405029,1531.990112,1476.938721,1478.19751,1489.094238,1479.04541,1485.836792,1514.405151,1516.183716,1645.762939,1650.143677,1575.055176,1571.821899,1501.826416,1492.416992,1495.469727,1497.392822,1493.265015,1485.995728,1494.007935,1897.390503,1885.052002,1883.528442,1861.951782,1516.747681,1919.791992
2012-08,1835.893921,1836.132568,1909.67688,1514.99939,1531.368042,1476.415527,1477.765137,1488.587769,1478.608154,1485.495239,1514.661987,1515.851563,1645.643311,1651.106445,1576.087646,1572.791992,1500.697876,1491.644897,1495.147583,1496.781738,1493.402588,1486.23584,1492.992798,1896.490112,1884.388428,1882.922119,1862.268066,1516.351563,1918.454224
2012-09,1835.839478,1836.319702,1908.493652,1514.570313,1530.804932,1475.861938,1477.369751,1487.835449,1478.147339,1485.039185,1514.83667,1515.499634,1645.488159,1651.749268,1576.9729,1573.619629,1499.55957,1490.94519,1494.753662,1496.147827,1493.407959,1486.325439,1492.217163,1895.54541,1883.747681,1882.308228,1862.435425,1515.945435,1917.048096
2012-10,1833.109985,1833.495361,1907.391357,1514.168091,1530.341187,1475.378052,1476.814087,1484.910889,1477.713501,1483.598877,1513.596436,1514.954712,1644.668091,1647.724854,1573.672363,1570.275269,1499.029785,1489.976685,1493.476807,1494.873657,1491.353394,1484.164429,1491.456909,1894.903442,1883.393677,1881.935303,1861.613037,1515.506104,1915.748047
2012-11,1831.166626,1831.38916,1906.501587,1513.796631,1529.899414,1474.973877,1476.318481,1483.162842,1477.321655,1482.325928,1512.441406,1514.451172,1643.778809,1645.314819,1571.27124,1567.8302,1498.067871,1489.018799,1492.085449,1493.593018,1489.831299,1482.609497,1490.617798,1894.381714,1883.057495,1881.592529,1860.80481,1515.082642,1914.614258
2012-12,1830.161987,1830.322266,1905.454224,1513.421509,1529.460938,1474.579468,1475.807861,1482.434937,1476.914673,1481.449219,1511.871216,1514.032227,1643.016235,1644.581909,1570.207764,1566.71228,1497.352173,1488.240112,1491.015015,1492.611206,1489.027222,1481.842773,1489.895386,1893.788574,1882.694824,1881.229004,1860.378174,1514.733032,1913.485352
2013-01,1829.161377,1829.317749,1904.390991,1513.055054,1529.006348,1474.168091,1475.301636,1481.696289,1476.51062,1480.698242,1511.422607,1513.662964,1642.304443,1643.803589,1569.174927,1565.618896,1496.586548,1487.518555,1490.124878,1491.755493,1488.264038,1481.109619,1489.202759,1893.079224,1882.200073,1880.740845,1859.931274,1514.420654,1912.397095
2013-03,1828.175537,1828.352905,1903.385498,1512.702637,1527.993652,1473.766602,1474.8125,1479.152832,1476.119385,1478.952515,1511.016602,1513.330322,1641.628174,1640.627075,1565.738525,1564.565796,1495.805298,1486.828247,1489.33667,1489.863037,1486.120605,1478.938232,1487.631836,1891.439819,1881.664185,1879.408813,1859.4823,1514.126953,1910.360352
2013-05,1827.019043,1824.186768,1900.405884,1511.684082,1527.408325,1472.972168,1473.042114,1479.590454,1474.969604,1478.772827,1508.769165,1512.351929,1640.427124,1642.999634,1567.381226,1559.59375,1492.307251,1484.214355,1487.843628,1488.066406,1484.547363,1477.360596,1486.904541,1890.853394,1880.639648,1878.106812,1857.139648,1512.783081,1908.272217
2013-06,1824.762451,1825.061157,1899.533569,1511.33606,1526.224487,1471.94043,1472.537842,1477.461304,1474.589355,1477.147461,1508.832275,1512.157471,1639.092163,1640.90625,1564.92981,1561.086304,1491.028442,1483.466431,1486.146973,1487.45874,1485.130005,1478.081055,1484.821289,1888.622681,1878.337158,1876.963013,1856.601196,1512.347534,1907.195923
2013-07,1825.13623,1825.678101,1898.537842,1510.987793,1525.525513,1471.428345,1471.948242,1476.908813,1474.206787,1476.897949,1509.022461,1512.002197,1638.931763,1642.320923,1566.117188,1562.233032,1489.418823,1482.703125,1485.82251,1486.897949,1485.468262,1478.504517,1483.679199,1887.458496,1877.158203,1875.842651,1856.300293,1511.892822,1906.080078
2013-08,1825.398071,1826.197876,1897.647949,1510.630005,1524.916748,1471.013062,1471.49707,1476.625122,1473.834473,1476.649414,1509.294434,1511.847656,1638.850586,1643.436035,1567.247681,1563.334229,1488.471436,1482.052612,1485.615479,1486.431396,1485.714478,1478.81604,1482.789551,1886.51123,1876.307007,1875.036499,1856.306885,1511.575317,1904.956299
2013-09,1825.570435,1826.61084,1897.01001,1510.285278,1524.414185,1470.691772,1471.190674,1476.195801,1473.511108,1476.387695,1509.530029,1511.708008,1638.836792,1644.321167,1568.295166,1564.358521,1487.580078,1481.525269,1485.388794,1485.991211,1485.870361,1479.025879,1482.202271,1885.836426,1875.776489,1874.527466,1856.490234,1511.283813,1903.956299
2013-10,1822.991821,1823.949341,1896.027222,1509.928345,1523.970337,1470.28125,1470.640259,1473.428101,1473.150391,1475.038452,1508.319214,1511.318237,1638.110962,1640.41333,1565.112549,1561.161255,1487.263794,1480.689087,1484.259155,1484.874756,1483.923584,1476.941284,1481.580688,1885.226563,1875.338013,1874.05603,1855.501099,1510.917847,1902.883667
2013-11,1821.27478,1822.089355,1895.972168,1509.665283,1523.633545,1470.194946,1470.320679,1471.996338,1472.951904,1474.000244,1507.252808,1511.036255,1637.463501,1638.255371,1562.919922,1558.951172,1486.610718,1479.947021,1483.063477,1483.810547,1482.561523,1475.525269,1480.991943,1885.244507,1875.384033,1874.095093,1855.002808,1510.632935,1902.301514
2013-12,1820.471069,1821.237427,1895.389282,1509.366455,1523.26416,1469.946655,1469.901978,1471.521606,1472.68396,1473.274414,1506.735352,1510.786499,1636.874634,1637.726807,1562.021851,1558.018555,1486.148682,1479.342041,1482.138428,1483.0,1481.890991,1474.87207,1480.458496,1885.017944,1875.264648,1873.964111,1854.751709,1510.385864,1901.604736
2014-01,1819.727539,1820.510132,1895.150879,1509.108154,1522.921875,1469.814819,1469.574219,1471.12561,1472.47998,1472.761597,1506.379028,1510.616943,1636.411133,1637.224609,1561.198486,1557.151978,1485.692017,1478.838135,1481.425537,1482.35437,1481.291504,1474.28833,1480.013306,1884.944214,1875.268188,1873.971313,1854.750244,1510.20874,1901.124512
2014-03,1817.161865,1817.898315,1894.22229,1508.796631,1522.490845,1469.033447,1468.52002,1468.923218,1472.168091,1472.154053,1505.997803,1510.103882,1635.843018,1636.602905,1560.323853,1556.225586,1484.132324,1478.279907,1479.728271,1480.743286,1480.674072,1473.677612,1479.466187,1884.359619,1874.048584,1873.511108,1854.322632,1509.616577,1899.598022
2014-05,1818.112549,1819.009033,1892.404663,1507.909912,1521.425415,1468.852783,1467.474854,1469.564575,1471.283447,1471.077026,1505.308594,1509.722534,1634.859131,1632.574585,1559.728882,1555.531982,1483.182129,1477.022339,1479.46228,1479.229004,1477.994385,1473.140137,1477.215698,1882.202026,1872.919067,1871.620728,1853.711304,1509.287476,1898.766602
2014-06,1816.19397,1817.092651,1890.903198,1507.591919,1520.330322,1468.049805,1466.994629,1467.799316,1470.968384,1469.677124,1503.927002,1509.603149,1633.789185,1635.082153,1557.462158,1553.194946,1480.995483,1475.40686,1477.978882,1478.72229,1478.67334,1471.705444,1476.282959,1881.100464,1871.724121,1870.468018,1851.414551,1508.431519,1897.0979
2014-07,1816.731567,1817.853027,1889.929321,1507.270752,1519.655396,1467.615845,1466.431885,1467.436646,1470.64624,1469.512939,1504.135986,1509.516602,1633.720947,1636.655273,1558.747192,1554.446167,1479.509521,1474.735962,1477.750244,1478.268311,1479.114258,1472.220337,1475.24585,1879.944092,1870.51416,1869.310791,1851.023315,1508.015137,1896.112915
2014-08,1817.178223,1818.544434,1889.245972,1506.955811,1519.087891,1467.333984,1466.05188,1467.349121,1470.363159,1469.392456,1504.450073,1509.447388,1633.77002,1637.961304,1560.017822,1555.696167,1478.715698,1474.195557,1477.661255,1477.928467,1479.482178,1472.644043,1474.479126,1879.126587,1869.743896,1868.583618,1851.064209,1507.749878,1895.190796
2014-09,1817.479004,1819.068726,1888.371948,1506.613281,1518.577393,1466.997559,1465.718994,1467.018311,1470.055176,1469.159668,1504.688232,1509.3396,1633.80249,1638.953369,1561.170654,1556.834473,1477.903931,1473.724121,1477.521362,1477.572998,1479.726318,1472.929321,1473.939453,1878.278687,1869.025757,1867.877075,1851.011597,1507.467285,1894.178345
2014-10,1815.026123,1816.526978,1887.46228,1506.284058,1518.161621,1466.700195,1465.224121,1464.35791,1469.756958,1467.908813,1503.514648,1509.012695,1633.195557,1635.160156,1558.111328,1553.771851,1477.73877,1472.976807,1476.503662,1476.567383,1477.873657,1470.928101,1473.422729,1877.675903,1868.562744,1867.379517,1849.957397,1507.138672,1893.195313
2014-11,1813.339722,1814.673096,1886.856323,1505.991333,1517.78772,1466.520142,1464.820435,1462.883301,1469.517334,1466.811279,1502.41333,1508.719238,1632.542725,1632.997559,1555.937988,1551.598633,1477.118042,1472.243164,1475.331543,1475.52832,1476.523682,1469.518921,1472.838745,1877.266113,1868.193726,1866.990967,1848.981934,1506.830078,1892.395264
2014-12,1812.671875,1813.937256,1886.713257,1505.749512,1517.490479,1466.521118,1464.546387,1462.597168,1469.36792,1466.239014,1501.948486,1508.563721,1632.132813,1632.655029,1555.158447,1550.81543,1476.845093,1471.75415,1474.490723,1474.824829,1475.935425,1468.947388,1472.457642,1877.256226,1868.231323,1867.023804,1848.835205,1506.650146,1891.896118
2015-01,1811.954956,1813.207275,1886.010376,1505.468262,1517.122314,1466.285645,1464.152466,1462.188965,1469.137695,1465.676758,1501.561401,1508.385864,1631.673462,1632.171753,1554.32666,1549.96936,1476.430176,1471.261475,1473.773071,1474.190674,1475.34082,1468.359009,1472.021606,1876.834839,1867.888062,1866.671021,1848.431763,1506.455811,1891.233887
2015-03,1809.599243,1810.762695,1885.469849,1504.950317,1516.758545,1466.135254,1463.326416,1461.820313,1468.710815,1465.211182,1500.281128,1508.245239,1631.271606,1631.721191,1553.534424,1549.154541,1475.190674,1470.80835,1473.168213,1472.756104,1473.504272,1467.812012,1470.977051,1875.822388,1866.931396,1865.703735,1847.052002,1505.979614,1890.050781
2015-05,1807.853394,1809.01355,1883.11438,1504.672241,1515.32373,1465.70166,1462.879028,1458.496216,1468.473999,1463.108521,1500.606201,1507.701172,1630.524292,1627.937866,1553.014893,1544.521118,1473.360962,1469.704468,1472.001709,1471.346802,1472.194214,1467.355469,1469.614746,1874.38562,1865.681885,1865.576172,1845.726685,1505.68396,1889.311279
2015-06,1808.822876,1810.084839,1882.342896,1504.098755,1514.721924,1464.992188,1461.901855,1459.510132,1467.966309,1463.031616,1499.250854,1507.621826,1629.598145,1630.550293,1550.734253,1546.136841,1472.32019,1468.19873,1470.612671,1470.902954,1472.91626,1465.94104,1468.766602,1873.298828,1864.473145,1863.28894,1845.068237,1504.869263,1887.665527
2015-07,1809.439209,1810.925293,1881.435425,1503.802002,1514.076294,1464.628296,1461.392334,1459.305054,1467.70105,1462.953247,1499.484131,1507.573242,1629.614746,1632.238281,1552.055664,1547.465332,1470.92749,1467.603516,1470.447998,1470.527588,1473.420044,1466.517456,1467.813232,1872.166138,1863.258057,1862.125488,1844.64624,1504.481812,1886.746948
2015-08,1809.943359,1811.682251,1880.608887,1503.49292,1513.511841,1464.353882,1461.016602,1459.297363,1467.439819,1462.871582,1499.807373,1507.51709,1629.709106,1633.627319,1553.363281,1548.769043,1470.19519,1467.114624,1470.411377,1470.250244,1473.846191,1466.996704,1467.093262,1871.231079,1862.358643,1861.264893,1844.53833,1504.222656,1885.791626
2015-09,1810.325562,1812.297729,1879.803101,1503.174072,1513.026123,1464.104248,1460.738403,1459.098022,1467.186279,1462.726074,1500.077026,1507.443359,1629.828003,1634.74231,1554.603882,1550.001831,1469.479126,1466.718872,1470.353516,1469.984375,1474.170654,1467.361328,1466.630249,1870.395874,1861.629395,1860.547485,1844.462524,1503.964844,1884.825806
2015-10,1807.945313,1809.81189,1879.088745,1502.87915,1512.651123,1463.911377,1460.331787,1456.548828,1466.963867,1461.595215,1498.95459,1507.162842,1629.342285,1631.047974,1551.631714,1547.029907,1469.456787,1466.064209,1469.443481,1469.086914,1472.366577,1465.401978,1466.220581,1869.91394,1861.257935,1860.142822,1843.500366,1503.674927,1883.95813
2015-11,1806.276611,1807.93457,1878.309326,1502.587646,1512.281738,1463.713257,1459.932007,1455.098145,1466.739502,1460.521118,1497.858398,1506.871704,1628.735229,1628.898682,1549.471069,1544.779053,1468.908447,1465.377686,1468.331665,1468.107178,1471.032593,1463.989502,1465.687378,1869.387695,1860.769775,1859.62915,1842.388062,1503.369751,1883.110962
2015-12,1805.640991,1807.19104,1878.164917,1502.360962,1512.009155,1463.780518,1459.702026,1454.879883,1466.630737,1459.999634,1497.407471,1506.734619,1628.395264,1628.598999,1548.708618,1543.928955,1468.731934,1464.949463,1467.545288,1467.466309,1470.474731,1463.438232,1465.378418,1869.352661,1860.768433,1859.621948,1842.174194,1503.206543,1882.614502
2016-01,1804.973999,1806.479492,1877.629517,1502.109619,1511.684814,1463.644409,1459.388306,1454.579956,1466.469238,1459.525513,1497.052002,1506.592529,1628.034912,1628.182251,1547.903809,1543.026001,1468.438965,1464.537354,1466.891357,1466.908936,1469.925293,1462.889526,1465.039551,1869.034546,1860.500732,1859.345337,1841.824219,1503.045044,1882.040039
2016-02,1804.296387,1805.782715,1876.939819,1501.851685,1511.330688,1463.483154,1459.047241,1454.248535,1466.284912,1459.076294,1496.724731,1506.45166,1627.667969,1627.735718,1547.095337,1542.107056,1468.081299,1464.12793,1466.321289,1466.400757,1469.395264,1462.355713,1464.680054,1868.550293,1860.082275,1858.921753,1841.369995,1502.879395,1881.422974
2016-03,1802.627441,1803.984253,1876.146484,1501.594727,1510.883789,1463.196533,1458.579468,1452.777832,1466.075439,1458.240234,1495.779541,1506.231079,1627.077515,1625.544922,1544.69812,1539.577148,1467.328979,1463.467407,1465.420654,1465.570435,1468.126343,1461.002075,1464.09314,1867.805664,1859.317871,1858.143555,1840.170044,1502.57605,1880.746582
2016-04,1803.713745,1805.203979,1875.412964,1501.340576,1510.400391,1463.164917,1458.197754,1453.697266,1465.895508,1458.292725,1496.125122,1506.215576,1627.031006,1628.291748,1546.52124,1541.322876,1466.56958,1463.137939,1465.248413,1465.330444,1468.951904,1461.95105,1463.64978,1867.411743,1859.186157,1858.053101,1840.711426,1502.305542,1880.059204
2016-05,1800.944458,1802.266235,1874.611938,1501.078247,1509.974243,1462.8302,1457.697144,1451.143433,1465.690796,1457.142822,1494.707397,1505.953491,1626.34314,1624.011108,1542.440552,1537.15332,1465.675903,1462.284668,1464.24585,1464.301758,1466.897217,1459.716064,1462.890381,1866.450806,1858.111572,1856.939575,1838.853271,1501.873535,1879.304443
2016-06,1801.951904,1803.359863,1873.884766,1500.803101,1509.402588,1462.551025,1457.317749,1452.265381,1465.477783,1457.124023,1494.812866,1505.890503,1626.232056,1626.675903,1544.056763,1538.69458,1464.716187,1461.760254,1463.973755,1463.916748,1467.661865,1460.598022,1462.114746,1865.388306,1856.908203,1855.776611,1838.175903,1501.528442,1878.494995
2016-07,1802.623779,1804.245483,1873.053589,1500.526733,1508.786987,1462.244263,1456.861206,1452.199829,1465.260498,1457.125122,1495.069214,1505.860718,1626.307373,1628.445435,1545.444946,1540.023438,1463.406006,1461.233887,1463.867798,1463.612793,1468.218506,1461.224976,1461.240112,1864.301514,1855.717896,1854.637939,1837.766357,1501.158936,1877.635742
2016-08,1803.242676,1805.122925,1872.704224,1500.274536,1508.293701,1462.140503,1456.627808,1452.401367,1465.113281,1457.218262,1495.460083,1505.867065,1626.538452,1630.003662,1546.892944,1541.47229,1462.829346,1460.863403,1463.931763,1463.452881,1468.73584,1461.798218,1460.658813,1863.704224,1855.108887,1854.074219,1837.958008,1500.954834,1876.9375
2016-09,1803.702271,1805.828979,1871.954834,1499.976196,1507.83252,1461.896851,1456.39502,1452.330566,1464.905884,1457.158325,1495.762085,1505.808472,1626.713745,1631.209839,1548.219604,1542.851563,1462.211182,1460.542114,1463.947388,1463.269653,1469.122192,1462.225464,1460.27002,1862.962158,1854.45752,1853.43042,1837.972534,1500.714233,1876.071777
2016-10,1801.421753,1803.462036,1871.677002,1499.734741,1507.526123,1461.856567,1456.128662,1449.952637,1464.789673,1456.202393,1494.7146,1505.58374,1626.36499,1627.618896,1545.322144,1539.887695,1462.375122,1460.010864,1463.16272,1462.50354,1467.400757,1460.34729,1460.008423,1862.823486,1854.394897,1853.339111,1837.342041,1500.478882,1875.467651
2016-11,1799.784302,1801.622559,1870.805176,1499.449951,1507.171265,1461.620728,1455.749268,1448.552734,1464.585327,1455.174316,1493.633423,1505.288574,1625.788574,1625.4552,1543.061035,1537.577515,1461.923218,1459.387451,1462.119141,1461.594971,1466.101318,1458.961426,1459.54541,1862.307373,1853.920898,1852.83252,1836.243652,1500.17981,1874.662964
2016-12,1799.209229,1800.935059,1870.80481,1499.249634,1506.940308,1461.769165,1455.597168,1448.441284,1464.531738,1454.741211,1493.212158,1505.171875,1625.515991,1625.192871,1542.226685,1536.70105,1461.879272,1459.044556,1461.403687,1461.037231,1465.594727,1458.456543,1459.340942,1862.406616,1854.043335,1852.949585,1836.140137,1500.042847,1874.282715
2017-01,1798.557373,1800.22168,1870.012939,1498.988281,1506.61438,1461.576294,1455.270386,1448.153076,1464.358643,1454.261597,1492.847778,1505.005615,1625.141357,1624.741699,1541.29248,1535.715942,1461.651367,1458.670166,1460.777832,1460.518433,1465.062988,1457.918213,1459.042847,1861.948853,1853.653198,1852.543335,1835.643433,1499.869385,1873.638184
2017-02,1797.91394,1799.538574,1869.268188,1498.736694,1506.279907,1461.454346,1454.964233,1447.871582,1464.192383,1453.847778,1492.529541,1504.862915,1624.7948,1624.298218,1540.371582,1534.738403,1461.382935,1458.317993,1460.251343,1460.066162,1464.564331,1457.411743,1458.753174,1861.422241,1853.195679,1852.079956,1835.123169,1499.709106,1873.007568
2017-03,1796.297485,1797.776001,1868.647949,1498.506226,1505.878052,1461.255615,1454.58313,1446.497437,1464.03833,1453.102783,1491.617798,1504.666138,1624.269653,1622.134033,1537.866211,1532.173828,1460.751831,1457.743896,1459.424683,1459.321167,1463.340698,1456.102051,1458.272095,1860.792603,1852.531738,1851.404663,1834.005249,1499.435059,1872.425415
2017-04,1797.433228,1799.0271,1867.925537,1498.264893,1505.4198,1461.241333,1454.244629,1447.515137,1463.888062,1453.207031,1491.973633,1504.655884,1624.246338,1624.912964,1539.633911,1533.879761,1460.075928,1457.477417,1459.294556,1459.139771,1464.206421,1457.090942,1457.900269,1860.427124,1852.424316,1851.335938,1834.547241,1499.17749,1871.777466
2017-05,1794.696533,1796.108765,1867.147583,1498.016357,1505.019409,1460.937744,1453.793335,1445.019043,1463.713989,1452.123413,1490.581787,1504.4021,1623.59314,1620.575562,1535.480591,1529.666016,1459.272095,1456.695435,1458.359009,1458.186035,1462.184448,1454.887085,1457.222534,1859.489868,1851.369141,1850.241089,1832.70105,1498.761597,1871.063721
2017-06,1795.750122,1797.230347,1866.444092,1497.755371,1504.474243,1460.689697,1453.460083,1446.246094,1463.530884,1452.159668,1490.696777,1504.34668,1623.503662,1623.296631,1537.05188,1531.176636,1458.396118,1456.236938,1458.133179,1457.860718,1462.989014,1455.809937,1456.52478,1858.447998,1850.179077,1849.09021,1832.011108,1498.429932,1870.295288
2017-07,1796.472046,1798.15271,1865.61084,1497.490479,1503.878784,1460.404541,1453.043579,1446.306152,1463.337891,1452.223389,1490.966431,1504.321777,1623.593506,1625.113159,1538.412476,1532.482422,1457.156494,1455.776001,1458.078979,1457.62085,1463.590088,1456.482178,1455.72229,1857.358398,1848.97937,1847.941284,1831.575439,1498.070435,1869.462891
2017-08,1797.093872,1799.016235,1864.852661,1497.213135,1503.357544,1460.206421,1452.758545,1446.522217,1463.146729,1452.289551,1491.335205,1504.288696,1623.76123,1626.65271,1539.844604,1533.87146,1456.578613,1455.418945,1458.159668,1457.483765,1464.122925,1457.068726,1455.140381,1856.46875,1848.101563,1847.102051,1831.479492,1497.835083,1868.592285
2017-09,1797.601685,1799.759399,1864.126099,1496.926636,1502.913086,1460.033447,1452.576172,1446.563965,1462.962769,1452.300415,1491.65686,1504.238281,1623.957397,1627.930786,1541.276611,1535.269409,1456.020996,1455.155151,1458.23584,1457.367432,1464.560303,1457.548462,1454.80957,1855.687012,1847.405396,1846.416748,1831.438232,1497.602417,1867.712524
2017-10,1795.380249,1797.449463,1864.112793,1496.71875,1502.650757,1460.095337,1452.417114,1444.316284,1462.910767,1451.475586,1490.660645,1504.04895,1623.687378,1624.408569,1538.368042,1532.342651,1456.304565,1454.713989,1457.550659,1456.701416,1462.900269,1455.733398,1454.648438,1855.70105,1847.474365,1846.461914,1830.947388,1497.401123,1867.220215
2017-11,1793.807861,1795.673584,1863.577637,1496.47522,1502.351929,1459.954224,1452.157715,1443.064819,1462.785156,1450.588989,1489.630127,1503.796021,1623.204712,1622.312256,1536.122803,1530.07666,1455.979004,1454.191895,1456.606323,1455.895874,1461.663696,1454.41272,1454.298828,1855.433228,1847.219604,1846.177124,1830.07312,1497.146118,1866.596802
2017-12,1793.229614,1794.96814,1863.294312,1496.261475,1502.111206,1460.00708,1451.982666,1442.968262,1462.709229,1450.150146,1489.194458,1503.652588,1622.903076,1622.005981,1535.238647,1529.164429,1455.961792,1453.874512,1455.918213,1455.36792,1461.169312,1453.918091,1454.107788,1855.376831,1847.200928,1846.144165,1829.814819,1496.994507,1866.127319
2018-01,1792.60498,1794.265747,1862.511475,1496.011475,1501.807983,1459.863525,1451.702881,1442.754639,1462.558228,1449.725586,1488.842041,1503.491699,1622.553223,1621.552246,1534.297119,1528.181519,1455.800537,1453.554321,1455.338013,1454.902344,1460.670532,1453.41394,1453.867676,1854.91748,1846.804688,1845.732056,1829.293579,1496.832275,1865.487427
2018-02,1791.98877,1793.595337,1861.783813,1495.771851,1501.497192,1459.770142,1451.443848,1442.545044,1462.415894,1449.367188,1488.53772,1503.355347,1622.232178,1621.099976,1533.372925,1527.207886,1455.59729,1453.255981,1454.856079,1454.502319,1460.203491,1452.94104,1453.635132,1854.401733,1846.351685,1845.272461,1828.760376,1496.68457,1864.869751
2018-03,1790.374634,1791.820801,1861.047363,1495.541382,1501.105225,1459.557251,1451.07959,1441.203735,1462.26355,1448.64856,1487.629761,1503.150757,1621.706543,1618.790283,1530.844604,1524.625,1455.005249,1452.720947,1454.069702,1453.799927,1458.994019,1451.647339,1453.191895,1853.690063,1845.608521,1844.515259,1827.546387,1496.412109,1864.240845
2018-04,1791.534668,1793.07666,1860.306152,1495.308472,1500.665405,1459.570801,1450.776733,1442.302368,1462.129761,1448.795288,1487.989136,1503.142822,1621.692017,1621.661255,1532.61084,1526.334106,1454.370605,1452.496704,1453.970093,1453.658691,1459.887817,1452.667725,1452.86377,1853.300293,1845.473877,1844.418701,1828.0354,1496.162842,1863.581787
2018-05,1788.809692,1790.161987,1859.560425,1495.072998,1500.287964,1459.299194,1450.373413,1439.850586,1461.980591,1447.773071,1486.62085,1502.898315,1621.06604,1617.171509,1528.452881,1522.119873,1453.620728,1451.767822,1453.091064,1452.763306,1457.887085,1450.488892,1452.24231,1852.371094,1844.419556,1843.325195,1826.184692,1495.762451,1862.885132
2018-06,1789.887085,1791.293091,1858.886353,1494.825317,1499.766602,1459.076294,1450.081787,1441.157349,1461.822021,1447.857666,1486.743408,1502.851318,1620.990967,1619.946899,1530.027954,1523.63855,1452.792847,1451.355347,1452.900879,1452.481079,1458.719116,1451.44397,1451.594482,1851.34082,1843.230347,1842.174438,1825.471802,1495.443848,1862.139771
2018-07,1790.640503,1792.236938,1858.084839,1494.573486,1499.192017,1458.815063,1449.703979,1441.306519,1461.652954,1447.97644,1487.0271,1502.835205,1621.096558,1621.887817,1531.39978,1524.95874,1451.59436,1450.940918,1452.888306,1452.289795,1459.354126,1452.154175,1450.839111,1850.263916,1842.031494,1841.026367,1825.024292,1495.096802,1861.334595
2018-08,1791.298462,1793.132568,1857.35498,1494.309448,1498.688232,1458.640015,1449.453125,1441.58728,1461.485229,1448.095825,1487.414673,1502.811157,1621.28418,1623.518921,1532.851563,1526.36853,1451.055298,1450.626587,1453.012329,1452.201904,1459.925537,1452.782104,1450.295044,1849.389282,1841.158447,1840.192139,1824.931519,1494.872314,1860.492065
2018-09,1790.154785,1791.827271,1856.661865,1494.031128,1498.398682,1458.202271,1449.180908,1440.606812,1461.250854,1447.611572,1487.210815,1502.079712,1620.616943,1620.670532,1530.866821,1524.474976,1451.090454,1450.070801,1452.603638,1451.697266,1459.065796,1451.852417,1449.827026,1849.065308,1841.042725,1840.060303,1824.862183,1494.709106,1859.704102
2018-10,1789.073975,1790.584961,1856.411255,1493.780762,1498.199341,1458.088379,1448.963989,1440.116943,1461.073975,1447.175415,1486.85144,1501.435669,1619.645996,1618.209106,1529.063477,1522.718628,1451.04187,1449.580933,1452.093018,1451.182861,1458.26709,1451.01416,1449.508911,1848.938965,1841.003418,1840.006836,1824.639771,1494.568481,1859.181641
2018-11,1787.035645,1788.301147,1856.186523,1493.532227,1497.928955,1457.854858,1448.603027,1438.675903,1460.897339,1446.401001,1485.859009,1500.772461,1618.297729,1614.139526,1525.802856,1519.486084,1450.54895,1448.877808,1451.186035,1450.338379,1456.753906,1449.39978,1448.997437,1848.68103,1840.689087,1839.668335,1823.688232,1494.283813,1858.751587
2018-12,1787.745728,1789.005981,1855.469849,1493.231323,1497.547852,1457.707153,1448.161011,1439.652222,1460.665161,1446.401367,1486.089844,1500.295166,1617.253662,1615.135742,1526.711182,1520.420898,1449.890381,1448.438477,1450.863647,1449.986572,1457.31543,1450.072388,1448.525024,1848.436157,1840.690063,1839.689575,1824.128174,1493.957886,1858.126343
2019-01,1784.609985,1785.629272,1854.856079,1492.931641,1497.228638,1457.36084,1447.629028,1437.119141,1460.437744,1445.283447,1484.619995,1499.63623,1615.620239,1609.005371,1521.894287,1515.614136,1449.117065,1447.531494,1449.778809,1448.912354,1455.026611,1447.596313,1447.794067,1847.680054,1839.786255,1838.737061,1822.265259,1493.477783,1857.508057
2019-02,1785.29126,1786.297485,1854.221436,1492.608765,1496.744995,1457.035889,1447.178223,1438.360718,1460.190186,1445.256714,1484.632202,1499.196533,1614.468506,1610.075806,1522.737427,1516.479736,1448.236694,1446.938721,1449.358276,1448.43811,1455.572998,1448.254639,1447.024536,1846.747925,1838.674072,1837.652954,1821.467285,1493.05957,1856.810669
2019-03,1785.665894,1786.797119,1853.447021,1492.278442,1496.195557,1456.683228,1446.635498,1438.463867,1459.932983,1445.274902,1484.812988,1498.816284,1613.485596,1610.353271,1523.338257,1517.109253,1446.973022,1446.355713,1449.120239,1448.066772,1455.935547,1448.680298,1446.148438,1845.739258,1837.521729,1836.542969,1820.924927,1492.60376,1856.046631
2019-04,1785.955688,1787.265503,1852.696899,1491.93103,1495.701904,1456.409302,1446.207153,1438.685791,1459.672241,1445.290527,1485.099243,1498.447998,1612.580322,1610.415771,1523.97998,1517.787964,1446.353638,1445.875122,1449.021973,1447.803833,1456.245728,1449.033203,1445.4729,1844.887329,1836.653687,1835.705933,1820.714966,1492.259399,1855.222778
2019-05,1786.149414,1787.643677,1851.985596,1491.574707,1495.276611,1456.170898,1445.882202,1438.742798,1459.421387,1445.25708,1485.345581,1498.084229,1611.722412,1610.282471,1524.607056,1518.459351,1445.750244,1445.491455,1448.938477,1447.575928,1456.478638,1449.295288,1445.039917,1844.133301,1835.960083,1835.016113,1820.574463,1491.914551,1854.386475
2019-06,1783.435547,1784.7323,1851.208862,1491.219604,1494.937744,1455.781372,1445.397949,1436.233032,1459.14209,1444.187988,1484.208984,1497.262573,1610.217041,1604.625366,1520.720947,1514.629883,1445.753418,1444.736816,1447.986816,1446.644409,1454.482544,1447.128906,1444.526611,1843.623901,1835.542969,1834.556885,1819.502319,1491.502441,1853.561401
2019-07,1781.400513,1782.427002,1850.45166,1490.868042,1494.620361,1455.512085,1444.932129,1434.834106,1458.86377,1443.157349,1483.066406,1496.47583,1608.554077,1600.433594,1517.639771,1511.592407,1445.235229,1443.961548,1446.82605,1445.623657,1452.957031,1445.513062,1443.932617,1843.114868,1835.047852,1834.028809,1818.269897,1491.069824,1852.774536
2019-08,1780.33252,1781.161865,1849.714355,1490.520264,1494.334106,1455.336548,1444.48877,1434.556885,1458.596924,1442.511353,1482.481689,1495.802734,1606.974243,1598.036621,1515.901611,1509.889526,1445.00647,1443.364258,1445.880249,1444.844971,1452.161133,1444.708618,1443.466797,1842.665649,1834.646118,1833.602417,1817.493042,1490.708374,1852.032227
2019-09,1779.284546,1779.978027,1849.012451,1490.179688,1494.042114,1455.149536,1444.057617,1434.293213,1458.343506,1442.001099,1482.027222,1495.200195,1605.43396,1595.607178,1514.18811,1508.201904,1444.729614,1442.834595,1445.084839,1444.183228,1451.410889,1443.948364,1443.047974,1842.158447,1834.168213,1833.108643,1816.768433,1490.381592,1851.343872
2019-10,1778.280518,1778.879883,1848.544067,1489.864868,1493.759644,1455.022339,1443.680298,1434.08667,1458.13501,1441.60498,1481.638062,1494.67041,1603.961914,1593.218262,1512.536011,1506.568237,1444.451782,1442.36377,1444.408813,1443.614624,1450.717041,1443.243774,1442.677979,1841.761841,1833.78186,1832.7146,1816.20105,1490.086792,1850.797852
2019-11,1776.479736,1776.943359,1849.643799,1489.701294,1493.56897,1455.238037,1443.551147,1433.116577,1458.185181,1441.223511,1480.803101,1494.282837,1602.660645,1589.21936,1509.561279,1503.615601,1444.054688,1441.873413,1443.606201,1442.937744,1449.421509,1441.87085,1442.370605,1842.297485,1834.119995,1833.062256,1816.02478,1489.824341,1851.017456
2019-12,1777.430908,1778.008545,1849.94458,1489.472656,1493.242065,1455.283691,1443.284302,1434.475952,1458.142334,1441.537109,1481.153076,1494.025391,1601.625488,1590.476563,1510.713257,1504.789795,1443.496094,1441.619629,1443.395752,1442.739868,1450.185425,1442.760498,1442.057373,1842.82666,1834.792114,1833.766846,1817.291992,1489.517578,1851.0354
2020-01,1774.446411,1774.908691,1849.711304,1489.197388,1492.919556,1454.949585,1442.803833,1432.111084,1458.001953,1440.585327,1479.752197,1493.501953,1600.077637,1583.970581,1506.018677,1500.097778,1442.76123,1440.838501,1442.428833,1441.789795,1448.02771,1440.417114,1441.407715,1842.471436,1834.247681,1833.173218,1815.950195,1489.016724,1850.81543
2020-02,1775.246948,1775.7854,1848.971924,1488.859741,1492.391479,1454.556885,1442.311401,1433.426514,1457.757446,1440.587769,1479.754761,1493.118896,1598.829346,1584.878174,1506.931885,1501.018799,1441.848877,1440.299561,1442.061646,1441.370972,1448.668457,1441.169067,1440.646606,1841.580933,1833.182007,1832.130371,1815.302368,1488.538086,1850.264771
2020-03,1775.751221,1776.484863,1848.126953,1488.518555,1491.80542,1454.202759,1441.752075,1433.604736,1457.50293,1440.638184,1479.926025,1492.785156,1597.748169,1585.091431,1507.610107,1501.707764,1440.554688,1439.767456,1441.886841,1441.05957,1449.128906,1441.692505,1439.786255,1840.571655,1832.04126,1831.032715,1814.848999,1488.029907,1849.601074
2020-04,1776.175415,1777.147461,1847.349731,1488.165527,1491.281128,1453.943115,1441.324341,1433.879395,1457.249634,1440.689453,1480.206177,1492.458984,1596.755981,1585.143311,1508.337891,1502.453247,1439.914673,1439.333984,1441.856689,1440.857666,1449.539917,1442.145874,1439.125732,1839.721802,1831.189819,1830.214478,1814.718506,1487.640625,1848.864136
2020-05,1776.508911,1777.719604,1846.692383,1487.811523,1490.835571,1453.738647,1441.023315,1433.999268,1457.018188,1440.705322,1480.453491,1492.139282,1595.832397,1585.031494,1509.06311,1503.204468,1439.307373,1439.000732,1441.85376,1440.69812,1449.877686,1442.512695,1438.714478,1839.012695,1830.55249,1829.583984,1814.689209,1487.26416,1848.131958
2020-06,1773.950684,1775.026001,1846.372559,1487.495239,1490.524414,1453.495483,1440.660278,1431.603516,1456.825195,1439.776367,1479.363892,1491.404785,1594.491943,1578.977905,1505.29834,1499.485596,1439.400513,1438.347168,1441.042603,1439.88623,1447.99939,1440.464111,1438.294189,1838.828369,1830.446899,1829.445679,1813.992554,1486.866211,1847.588989
2020-07,1772.018433,1772.872925,1845.724487,1487.153687,1490.202637,1453.224121,1440.234253,1430.234985,1456.578857,1438.797852,1478.223511,1490.658081,1592.962891,1574.073486,1502.277222,1496.50061,1438.916138,1437.63269,1439.980957,1438.942017,1446.550781,1438.922363,1437.74353,1838.454224,1830.095459,1829.060181,1812.948364,1486.421265,1846.958374
2020-08,1771.060425,1771.752075,1845.168701,1486.82251,1489.923828,1453.101563,1439.849121,1430.008789,1456.354736,1438.210938,1477.638794,1490.025757,1591.504761,1570.905762,1500.599731,1494.854614,1438.737183,1437.0979,1439.116211,1438.231689,1445.831421,1438.194336,1437.330566,1838.17749,1829.870239,1828.81189,1812.376099,1486.056274,1846.390381
2020-09,1770.096558,1770.675659,1844.440186,1486.480591,1489.619507,1452.89917,1439.429443,1429.749756,1456.109863,1437.709961,1477.164673,1489.436523,1590.045166,1567.532227,1498.909912,1493.188843,1438.478638,1436.604126,1438.370605,1437.610107,1445.136353,1437.488403,1436.933228,1837.702881,1829.442749,1828.366211,1811.718628,1485.709106,1845.779175
2020-10,1769.1604,1769.659912,1843.861938,1486.15625,1489.317017,1452.752686,1439.046875,1429.526367,1455.894165,1437.300903,1476.747803,1488.907593,1588.644897,1564.048584,1497.259888,1491.556885,1438.202271,1436.155151,1437.729858,1437.067261,1444.48584,1436.82605,1436.571899,1837.258423,1829.032471,1827.946289,1811.132935,1485.387451,1845.24939
2020-11,1767.239624,1767.584595,1843.460815,1485.857544,1488.955933,1452.534546,1438.602905,1428.208008,1455.70459,1436.588257,1475.752319,1488.358154,1587.240845,1558.079102,1494.088135,1488.399292,1437.573486,1435.519165,1436.842041,1436.27417,1443.109375,1435.358521,1436.057983,1836.761108,1828.459229,1827.358643,1810.012817,1484.966919,1844.815552
2020-12,1768.123901,1768.527588,1842.811768,1485.536865,1488.515015,1452.458008,1438.156982,1429.351318,1455.498901,1436.67627,1475.973145,1487.98877,1586.044556,1557.94043,1495.118652,1489.444824,1436.838623,1435.156006,1436.557861,1435.98584,1443.83667,1436.205078,1435.608032,1836.462036,1828.388428,1827.318115,1810.467163,1484.543701,1844.275757
